﻿Designator,Footprint,Quantity,Value,LCSC Part #
BT1,BatteryHolder_Eagle_12BH611-GR,1,Battery_Cell,
"C10, C12, C19, C27, C9",0603,5,47n,C1622
C11,0603,1,1u,C15849
"C13, C14, C15, C16",0603,4,10u,C96446
"C17, C18, C26",0603,3,100n,C14663
"C2, C8",CP_Radial_D8.0mm_P3.50mm,2,470u,
C20,0603,1,100p,C14858
C21,0603,1,10n,C57112
C22,0603,1,220p,C1603
"C23, C24, C7",0603,3,470n,C1623
C25,0603,1,22n,C21122
"D3, D4, D5, D6, D7",D_SOD-323,5,1N4148WS,C2128
D8,floating_green_led,1,floating_green_led,
D9,floating_red_led,1,floating_red_led,
"H1, H2, H3, H4, H5",M3_hole_with_spacer,5,MountingHole,
"J2, J6",Jack_6.35mm,2,Jack_6.35,
"J3, J4, J5",JST_EH_B5B-EH-A_1x05_P2.50mm_Vertical,3,Conn_01x05,
"J7, J8",TestPoint_THTPad_D2.5mm_Drill1.2mm,2,Conn_01x01_Socket,
J9,BarrelJack,1,Barrel_Jack_Switch,
P1,boss_DS1_front_plate,1,boss_DS1_front_panel,
"Q1, Q2, Q3, Q4",SOT-23,4,MMBT5551,C2145
"R10, R21, R27, R3, R6",0603,5,100k,C25803
"R11, R13, R16, R18, R8",0603,5,1k,C21190
"R12, R15",0603,2,470k,C23178
"R14, R28",0603,2,2.2k,C4190
"R17, R20, R22, R23, R25, R31",0603,6,10k,C25804
"R19, R32, R33, R34",0603,4,510k,C23192
R24,0603,1,22,C23345
"R29, R30",0603,2,6.8k,C23212
R4,0603,1,4.7k,C23162
R5,0603,1,47k,C25819
"RV1, RV7, RV9",floating_pot_knob,3,floating_pot_knob,
"RV5, RV6, RV8",floating_pot,3,floating_pot,
SIM1,OSHW-Logo2_7.3x6mm_SilkScreen,1,Logo_Open_Hardware_Small,
SW1,foot_switch_tht_and_floating,1,pedala_switch,
U1,SOIC-8_3.9x4.9mm_P1.27mm,1,NE5532,C7426
